{"version": "1", "message": "ERROR: Hidden Testcases server unreachable.", "problem_id": "ads2_m4_a1_1", "user_id": "tshiva12", "score": {"sample": {"0": {"execution_time": 0.25699305534362793, "passed": true}, "1": {"execution_time": 0.2536640167236328, "passed": true}, "2": {"execution_time": 0.2286217212677002, "passed": true}, "3": {"execution_time": 0.2681717872619629, "passed": true}, "4": {"execution_time": 0.2189311981201172, "passed": true}, "5": {"execution_time": 0.22534728050231934, "passed": true}, "6": {"execution_time": 0.21850299835205078, "passed": true}, "7": {"execution_time": 0.20644664764404297, "passed": true}, "8": {"execution_time": 0.24740028381347656, "passed": true}, "9": {"execution_time": 0.23412060737609863, "passed": true}, "10": {"execution_time": 0.18883085250854492, "passed": true}, "11": {"execution_time": 0.20089411735534668, "passed": true}, "12": {"execution_time": 0.17374634742736816, "passed": true}, "13": {"execution_time": 0.8227074146270752, "passed": true}, "14": {"execution_time": 0.20665574073791504, "passed": true}}}, "check_style_score": "1/1"}