{"version": "1", "message": "ERROR: Hidden Testcases server unreachable.", "problem_id": "ads2_m4_a1_1", "user_id": "tshiva12", "score": {"sample": {"0": {"execution_time": 0.3005044460296631, "passed": true}, "1": {"execution_time": 0.2952573299407959, "passed": true}, "2": {"execution_time": 0.32724809646606445, "passed": true}, "3": {"execution_time": 0.38784193992614746, "passed": true}, "4": {"execution_time": 0.3450198173522949, "passed": true}, "5": {"execution_time": 0.2836263179779053, "passed": true}, "6": {"execution_time": 0.28986215591430664, "passed": true}, "7": {"execution_time": 0.3129291534423828, "passed": true}, "8": {"execution_time": 0.32448339462280273, "passed": true}, "9": {"execution_time": 0.2633042335510254, "passed": true}, "10": {"execution_time": 0.2801635265350342, "passed": true}, "11": {"execution_time": 0.31123995780944824, "passed": true}, "12": {"execution_time": 0.3041112422943115, "passed": true}, "13": {"execution_time": 10.02701449394226, "passed": false}, "14": {"execution_time": 0.25223803520202637, "passed": true}}}, "check_style_score": "0/1"}