{"version": "1", "message": "ERROR: Hidden Testcases server unreachable.", "problem_id": "ads2_m4_a1_1", "user_id": "tshiva12", "score": {"sample": {"0": {"execution_time": 0.3353297710418701, "passed": true}, "1": {"execution_time": 0.32518625259399414, "passed": true}, "2": {"execution_time": 0.3182353973388672, "passed": true}, "3": {"execution_time": 0.33363819122314453, "passed": true}, "4": {"execution_time": 0.29071855545043945, "passed": true}, "5": {"execution_time": 0.2781486511230469, "passed": true}, "6": {"execution_time": 0.29899072647094727, "passed": true}, "7": {"execution_time": 0.2861461639404297, "passed": true}, "8": {"execution_time": 0.3267073631286621, "passed": true}, "9": {"execution_time": 0.25838589668273926, "passed": true}, "10": {"execution_time": 0.2860589027404785, "passed": true}, "11": {"execution_time": 0.2611072063446045, "passed": true}, "12": {"execution_time": 0.2848691940307617, "passed": true}, "13": {"execution_time": 10.024569511413574, "passed": false}, "14": {"execution_time": 0.2828705310821533, "passed": true}}}, "check_style_score": "1/1"}