{"version": "1", "message": "ERROR: Hidden Testcases server unreachable.", "problem_id": "ads2_m4_a1_1", "user_id": "tshiva12", "score": {"sample": {"0": {"execution_time": 0.22118830680847168, "passed": true}, "1": {"execution_time": 0.25358128547668457, "passed": true}, "2": {"execution_time": 0.25006866455078125, "passed": true}, "3": {"execution_time": 0.27169203758239746, "passed": true}, "4": {"execution_time": 0.22967529296875, "passed": true}, "5": {"execution_time": 0.22547101974487305, "passed": true}, "6": {"execution_time": 0.20388388633728027, "passed": true}, "7": {"execution_time": 0.2082509994506836, "passed": true}, "8": {"execution_time": 0.24468684196472168, "passed": true}, "9": {"execution_time": 0.19440627098083496, "passed": true}, "10": {"execution_time": 0.22052478790283203, "passed": true}, "11": {"execution_time": 0.22167706489562988, "passed": true}, "12": {"execution_time": 0.2045001983642578, "passed": true}, "13": {"execution_time": 0.8268725872039795, "passed": true}, "14": {"execution_time": 0.2068638801574707, "passed": true}}}, "check_style_score": "1/1"}