{"version": "1", "message": "ERROR: Hidden Testcases server unreachable.", "problem_id": "ads2_m4_a1_1", "user_id": "tshiva12", "score": {"sample": {"0": {"execution_time": 0.3314332962036133, "passed": true}, "1": {"execution_time": 0.23325490951538086, "passed": false}, "2": {"execution_time": 0.2702651023864746, "passed": false}, "3": {"execution_time": 0.2061305046081543, "passed": false}, "4": {"execution_time": 0.17132806777954102, "passed": false}, "5": {"execution_time": 0.23687386512756348, "passed": false}, "6": {"execution_time": 0.2503931522369385, "passed": false}, "7": {"execution_time": 0.21889495849609375, "passed": false}, "8": {"execution_time": 0.3157806396484375, "passed": true}, "9": {"execution_time": 0.24089908599853516, "passed": true}, "10": {"execution_time": 0.26253342628479004, "passed": true}, "11": {"execution_time": 0.23390507698059082, "passed": false}, "12": {"execution_time": 0.2258434295654297, "passed": false}, "13": {"execution_time": 0.23735666275024414, "passed": false}, "14": {"execution_time": 0.20999574661254883, "passed": true}}}, "check_style_score": "0/1"}