{"version": "1", "message": "ERROR: Hidden Testcases server unreachable.", "problem_id": "ads2_m4_a1_1", "user_id": "tshiva12", "score": {"sample": {"0": {"execution_time": 0.25546884536743164, "passed": true}, "1": {"execution_time": 0.26885247230529785, "passed": true}, "2": {"execution_time": 0.263134241104126, "passed": true}, "3": {"execution_time": 0.2859618663787842, "passed": true}, "4": {"execution_time": 0.23206281661987305, "passed": true}, "5": {"execution_time": 0.2292017936706543, "passed": true}, "6": {"execution_time": 0.22934579849243164, "passed": true}, "7": {"execution_time": 0.2218918800354004, "passed": true}, "8": {"execution_time": 0.2521979808807373, "passed": true}, "9": {"execution_time": 0.19495487213134766, "passed": true}, "10": {"execution_time": 0.19562387466430664, "passed": true}, "11": {"execution_time": 0.199293851852417, "passed": true}, "12": {"execution_time": 0.22851228713989258, "passed": true}, "13": {"execution_time": 0.8168864250183105, "passed": true}, "14": {"execution_time": 0.20717644691467285, "passed": true}}}, "check_style_score": "0/1"}