{"version": "1", "message": "ERROR: Hidden Testcases server unreachable.", "problem_id": "ads2_m4_a1_1", "user_id": "tshiva12", "score": {"sample": {"0": {"execution_time": 0.24113750457763672, "passed": true}, "1": {"execution_time": 0.24179792404174805, "passed": true}, "2": {"execution_time": 0.25635385513305664, "passed": true}, "3": {"execution_time": 0.23015260696411133, "passed": true}, "4": {"execution_time": 0.22045135498046875, "passed": true}, "5": {"execution_time": 0.2242414951324463, "passed": true}, "6": {"execution_time": 0.21587157249450684, "passed": true}, "7": {"execution_time": 0.2353057861328125, "passed": true}, "8": {"execution_time": 0.21798372268676758, "passed": true}, "9": {"execution_time": 0.19890260696411133, "passed": true}, "10": {"execution_time": 0.18812847137451172, "passed": true}, "11": {"execution_time": 0.1987459659576416, "passed": true}, "12": {"execution_time": 0.19298791885375977, "passed": true}, "13": {"execution_time": 0.7898697853088379, "passed": true}, "14": {"execution_time": 0.19398808479309082, "passed": true}}}, "check_style_score": "0/1"}