{"version": "1", "message": "ERROR: Hidden Testcases server unreachable.", "problem_id": "ads2_m4_a1_1", "user_id": "tshiva12", "score": {"sample": {"0": {"execution_time": 0.2812223434448242, "passed": true}, "1": {"execution_time": 0.1989595890045166, "passed": true}, "2": {"execution_time": 0.24382305145263672, "passed": true}, "3": {"execution_time": 0.24819231033325195, "passed": true}, "4": {"execution_time": 0.24184560775756836, "passed": true}, "5": {"execution_time": 0.23753929138183594, "passed": true}, "6": {"execution_time": 0.22275447845458984, "passed": true}, "7": {"execution_time": 0.21585392951965332, "passed": true}, "8": {"execution_time": 0.20823884010314941, "passed": true}, "9": {"execution_time": 0.17774510383605957, "passed": true}, "10": {"execution_time": 0.17734336853027344, "passed": true}, "11": {"execution_time": 0.1767866611480713, "passed": true}, "12": {"execution_time": 0.17905783653259277, "passed": true}, "13": {"execution_time": 0.8613171577453613, "passed": true}, "14": {"execution_time": 0.21099281311035156, "passed": true}}}, "check_style_score": "0/1"}