{"version": "1", "message": "ERROR: Hidden Testcases server unreachable.", "problem_id": "ads2_m4_a1_1", "user_id": "tshiva12", "score": {"sample": {"0": {"execution_time": 0.32419633865356445, "passed": true}, "1": {"execution_time": 0.3403496742248535, "passed": false}, "2": {"execution_time": 0.3691122531890869, "passed": false}, "3": {"execution_time": 0.34985804557800293, "passed": false}, "4": {"execution_time": 0.3123741149902344, "passed": false}, "5": {"execution_time": 0.27339744567871094, "passed": false}, "6": {"execution_time": 0.34564852714538574, "passed": false}, "7": {"execution_time": 0.2937157154083252, "passed": false}, "8": {"execution_time": 0.28667402267456055, "passed": true}, "9": {"execution_time": 0.28467512130737305, "passed": true}, "10": {"execution_time": 0.346865177154541, "passed": true}, "11": {"execution_time": 0.39678120613098145, "passed": true}, "12": {"execution_time": 0.4478034973144531, "passed": true}, "13": {"execution_time": 1.6798219680786133, "passed": false}, "14": {"execution_time": 0.423004150390625, "passed": true}}}, "check_style_score": "0/1"}