{"version": "1", "message": "ERROR: Hidden Testcases server unreachable.", "problem_id": "ads2_m4_a1_1", "user_id": "tshiva12", "score": {"sample": {"0": {"execution_time": 0.20382976531982422, "passed": false}, "1": {"execution_time": 0.1922752857208252, "passed": false}, "2": {"execution_time": 0.2109813690185547, "passed": false}, "3": {"execution_time": 0.27622199058532715, "passed": false}, "4": {"execution_time": 0.2078993320465088, "passed": false}, "5": {"execution_time": 0.19167804718017578, "passed": false}, "6": {"execution_time": 0.1859445571899414, "passed": false}, "7": {"execution_time": 0.18044233322143555, "passed": false}, "8": {"execution_time": 0.19477438926696777, "passed": false}, "9": {"execution_time": 0.17940545082092285, "passed": false}, "10": {"execution_time": 0.16265654563903809, "passed": false}, "11": {"execution_time": 0.18761515617370605, "passed": false}, "12": {"execution_time": 0.22945404052734375, "passed": false}, "13": {"execution_time": 10.014209508895874, "passed": false}, "14": {"execution_time": 0.31462693214416504, "passed": false}}}, "check_style_score": "0/1"}