{"version": "1", "message": "ERROR: Hidden Testcases server unreachable.", "problem_id": "ads2_m4_a1_1", "user_id": "tshiva12", "score": {"sample": {"0": {"execution_time": 0.28114795684814453, "passed": true}, "1": {"execution_time": 0.24872565269470215, "passed": false}, "2": {"execution_time": 0.22686505317687988, "passed": false}, "3": {"execution_time": 0.21515178680419922, "passed": false}, "4": {"execution_time": 0.2511730194091797, "passed": false}, "5": {"execution_time": 0.5884530544281006, "passed": false}, "6": {"execution_time": 0.22017574310302734, "passed": false}, "7": {"execution_time": 0.31400251388549805, "passed": false}, "8": {"execution_time": 0.33516430854797363, "passed": true}, "9": {"execution_time": 0.22568297386169434, "passed": true}, "10": {"execution_time": 0.24033641815185547, "passed": true}, "11": {"execution_time": 0.19477152824401855, "passed": true}, "12": {"execution_time": 0.20102691650390625, "passed": true}, "13": {"execution_time": 0.23119783401489258, "passed": false}, "14": {"execution_time": 0.2661631107330322, "passed": true}}}, "check_style_score": "0/1"}