{"version": "1", "message": "ERROR: Hidden Testcases server unreachable.", "problem_id": "ads2_m4_a1_1", "user_id": "tshiva12", "score": {"sample": {"0": {"execution_time": 0.25139546394348145, "passed": true}, "1": {"execution_time": 0.22935748100280762, "passed": true}, "2": {"execution_time": 0.2641434669494629, "passed": true}, "3": {"execution_time": 0.23458313941955566, "passed": true}, "4": {"execution_time": 0.22681117057800293, "passed": true}, "5": {"execution_time": 0.21237874031066895, "passed": true}, "6": {"execution_time": 0.229750394821167, "passed": true}, "7": {"execution_time": 0.23374176025390625, "passed": true}, "8": {"execution_time": 0.23299455642700195, "passed": true}, "9": {"execution_time": 0.19411253929138184, "passed": true}, "10": {"execution_time": 0.20276331901550293, "passed": true}, "11": {"execution_time": 0.1985790729522705, "passed": true}, "12": {"execution_time": 0.2026669979095459, "passed": true}, "13": {"execution_time": 0.8060359954833984, "passed": true}, "14": {"execution_time": 0.2020432949066162, "passed": true}}}, "check_style_score": "0/1"}