{"version": "1", "message": "ERROR: Hidden Testcases server unreachable.", "problem_id": "ads2_m4_a1_1", "user_id": "tshiva12", "score": {"sample": {"0": {"execution_time": 0.22710704803466797, "passed": true}, "1": {"execution_time": 0.1721954345703125, "passed": false}, "2": {"execution_time": 0.19151568412780762, "passed": false}, "3": {"execution_time": 0.16875076293945312, "passed": false}, "4": {"execution_time": 0.6144735813140869, "passed": false}, "5": {"execution_time": 0.15608835220336914, "passed": false}, "6": {"execution_time": 0.18092846870422363, "passed": false}, "7": {"execution_time": 0.15227341651916504, "passed": false}, "8": {"execution_time": 0.23128890991210938, "passed": true}, "9": {"execution_time": 0.17795729637145996, "passed": true}, "10": {"execution_time": 0.18216586112976074, "passed": true}, "11": {"execution_time": 0.16376662254333496, "passed": true}, "12": {"execution_time": 0.17740368843078613, "passed": true}, "13": {"execution_time": 0.17312359809875488, "passed": false}, "14": {"execution_time": 0.19511699676513672, "passed": true}}}, "check_style_score": "0/1"}