{"version": "1", "message": "ERROR: Hidden Testcases server unreachable.", "problem_id": "ads2_m4_a1_1", "user_id": "tshiva12", "score": {"sample": {"0": {"execution_time": 0.3562583923339844, "passed": true}, "1": {"execution_time": 0.3088500499725342, "passed": false}, "2": {"execution_time": 0.36594676971435547, "passed": false}, "3": {"execution_time": 0.3309361934661865, "passed": false}, "4": {"execution_time": 0.29285168647766113, "passed": false}, "5": {"execution_time": 0.35212039947509766, "passed": false}, "6": {"execution_time": 0.26957154273986816, "passed": false}, "7": {"execution_time": 0.28070902824401855, "passed": false}, "8": {"execution_time": 0.321183443069458, "passed": true}, "9": {"execution_time": 0.24432849884033203, "passed": true}, "10": {"execution_time": 0.26221561431884766, "passed": true}, "11": {"execution_time": 0.2832169532775879, "passed": true}, "12": {"execution_time": 0.2859833240509033, "passed": true}, "13": {"execution_time": 0.8599615097045898, "passed": false}, "14": {"execution_time": 0.2895634174346924, "passed": true}}}, "check_style_score": "0/1"}