{"version": "1", "message": "ERROR: Hidden Testcases server unreachable.", "problem_id": "ads2_m4_a1_1", "user_id": "tshiva12", "score": {"sample": {"0": {"execution_time": 0.3008296489715576, "passed": true}, "1": {"execution_time": 0.32978177070617676, "passed": false}, "2": {"execution_time": 0.242415189743042, "passed": false}, "3": {"execution_time": 0.25154590606689453, "passed": false}, "4": {"execution_time": 0.23738598823547363, "passed": false}, "5": {"execution_time": 0.20629358291625977, "passed": false}, "6": {"execution_time": 0.24846410751342773, "passed": false}, "7": {"execution_time": 0.23231077194213867, "passed": false}, "8": {"execution_time": 0.2780728340148926, "passed": true}, "9": {"execution_time": 0.19753313064575195, "passed": true}, "10": {"execution_time": 0.25594258308410645, "passed": true}, "11": {"execution_time": 0.22799158096313477, "passed": true}, "12": {"execution_time": 0.2599608898162842, "passed": true}, "13": {"execution_time": 0.29738783836364746, "passed": false}, "14": {"execution_time": 0.27547168731689453, "passed": true}}}, "check_style_score": "0/1"}