{"version": "1", "message": "ERROR: Hidden Testcases server unreachable.", "problem_id": "ads2_m4_a1_1", "user_id": "tshiva12", "score": {"sample": {"0": {"execution_time": 0.30637526512145996, "passed": true}, "1": {"execution_time": 0.31258201599121094, "passed": true}, "2": {"execution_time": 0.35898709297180176, "passed": true}, "3": {"execution_time": 0.31960010528564453, "passed": true}, "4": {"execution_time": 0.292985200881958, "passed": true}, "5": {"execution_time": 0.3159787654876709, "passed": true}, "6": {"execution_time": 0.293989896774292, "passed": true}, "7": {"execution_time": 0.26396965980529785, "passed": true}, "8": {"execution_time": 0.3414797782897949, "passed": true}, "9": {"execution_time": 0.2673614025115967, "passed": true}, "10": {"execution_time": 0.23590421676635742, "passed": true}, "11": {"execution_time": 0.2846560478210449, "passed": true}, "12": {"execution_time": 0.2650339603424072, "passed": true}, "13": {"execution_time": 0.9660995006561279, "passed": true}, "14": {"execution_time": 0.24361538887023926, "passed": true}}}, "check_style_score": "0/1"}