{"version": "1", "message": "ERROR: Hidden Testcases server unreachable.", "problem_id": "ads2_m4_a1_1", "user_id": "tshiva12", "score": {"sample": {"0": {"execution_time": 0.35466933250427246, "passed": true}, "1": {"execution_time": 0.37352895736694336, "passed": true}, "2": {"execution_time": 0.34102845191955566, "passed": true}, "3": {"execution_time": 0.3341245651245117, "passed": true}, "4": {"execution_time": 0.3247866630554199, "passed": true}, "5": {"execution_time": 0.2824554443359375, "passed": true}, "6": {"execution_time": 0.2873389720916748, "passed": true}, "7": {"execution_time": 0.27570319175720215, "passed": true}, "8": {"execution_time": 0.3023526668548584, "passed": true}, "9": {"execution_time": 0.2722351551055908, "passed": false}, "10": {"execution_time": 0.2519817352294922, "passed": false}, "11": {"execution_time": 0.20486807823181152, "passed": true}, "12": {"execution_time": 0.25682711601257324, "passed": true}, "13": {"execution_time": 10.026735067367554, "passed": false}, "14": {"execution_time": 0.24232769012451172, "passed": false}}}, "check_style_score": "0/1"}