{"version": "1", "message": "ERROR: Hidden Testcases server unreachable.", "problem_id": "ads2_m4_a1_1", "user_id": "tshiva12", "score": {"sample": {"0": {"execution_time": 0.29452013969421387, "passed": true}, "1": {"execution_time": 0.33974695205688477, "passed": true}, "2": {"execution_time": 0.34447193145751953, "passed": true}, "3": {"execution_time": 0.3568274974822998, "passed": true}, "4": {"execution_time": 0.3040182590484619, "passed": true}, "5": {"execution_time": 0.3128852844238281, "passed": true}, "6": {"execution_time": 0.3191797733306885, "passed": true}, "7": {"execution_time": 0.29436707496643066, "passed": true}, "8": {"execution_time": 0.46320462226867676, "passed": true}, "9": {"execution_time": 0.3043684959411621, "passed": true}, "10": {"execution_time": 0.2720816135406494, "passed": true}, "11": {"execution_time": 0.28481006622314453, "passed": true}, "12": {"execution_time": 0.260972261428833, "passed": true}, "13": {"execution_time": 10.034717559814453, "passed": false}, "14": {"execution_time": 0.30620837211608887, "passed": true}}}, "check_style_score": "0/1"}