{"version": "1", "message": "ERROR: Hidden Testcases server unreachable.", "problem_id": "ads2_m4_a1_1", "user_id": "tshiva12", "score": {"sample": {"0": {"execution_time": 0.21788954734802246, "passed": true}, "1": {"execution_time": 0.22070574760437012, "passed": true}, "2": {"execution_time": 0.2629826068878174, "passed": true}, "3": {"execution_time": 0.28637075424194336, "passed": true}, "4": {"execution_time": 0.2175285816192627, "passed": true}, "5": {"execution_time": 0.2549753189086914, "passed": true}, "6": {"execution_time": 0.23046588897705078, "passed": true}, "7": {"execution_time": 0.22893357276916504, "passed": true}, "8": {"execution_time": 0.24538826942443848, "passed": true}, "9": {"execution_time": 0.20749807357788086, "passed": true}, "10": {"execution_time": 0.20369672775268555, "passed": true}, "11": {"execution_time": 0.201141357421875, "passed": true}, "12": {"execution_time": 0.2083754539489746, "passed": true}, "13": {"execution_time": 0.7862436771392822, "passed": true}, "14": {"execution_time": 0.21619558334350586, "passed": true}}}, "check_style_score": "0/1"}