{"version": "1", "message": "ERROR: Hidden Testcases server unreachable.", "problem_id": "ads2_m4_a1_1", "user_id": "tshiva12", "score": {"sample": {"0": {"execution_time": 0.2101292610168457, "passed": true}, "1": {"execution_time": 0.22424674034118652, "passed": true}, "2": {"execution_time": 0.24106597900390625, "passed": true}, "3": {"execution_time": 0.23920750617980957, "passed": true}, "4": {"execution_time": 0.20926499366760254, "passed": true}, "5": {"execution_time": 0.19013452529907227, "passed": true}, "6": {"execution_time": 0.20827460289001465, "passed": true}, "7": {"execution_time": 0.216688871383667, "passed": true}, "8": {"execution_time": 0.24481892585754395, "passed": true}, "9": {"execution_time": 0.2099456787109375, "passed": true}, "10": {"execution_time": 0.18008065223693848, "passed": true}, "11": {"execution_time": 0.17757439613342285, "passed": true}, "12": {"execution_time": 0.17797064781188965, "passed": true}, "13": {"execution_time": 0.8202426433563232, "passed": true}, "14": {"execution_time": 0.19774842262268066, "passed": true}}}, "check_style_score": "1/1"}