{"version": "1", "message": "ERROR: Hidden Testcases server unreachable.", "problem_id": "ads2_m4_a1_1", "user_id": "tshiva12", "score": {"sample": {"0": {"execution_time": 0.254652738571167, "passed": true}, "1": {"execution_time": 0.21954345703125, "passed": true}, "2": {"execution_time": 0.28340911865234375, "passed": true}, "3": {"execution_time": 0.2485191822052002, "passed": true}, "4": {"execution_time": 0.23517894744873047, "passed": true}, "5": {"execution_time": 0.22142386436462402, "passed": true}, "6": {"execution_time": 0.22109270095825195, "passed": true}, "7": {"execution_time": 0.2198483943939209, "passed": true}, "8": {"execution_time": 0.2639896869659424, "passed": true}, "9": {"execution_time": 0.39187121391296387, "passed": true}, "10": {"execution_time": 0.17712998390197754, "passed": true}, "11": {"execution_time": 0.19525432586669922, "passed": true}, "12": {"execution_time": 0.22787785530090332, "passed": true}, "13": {"execution_time": 0.8461260795593262, "passed": true}, "14": {"execution_time": 0.245589017868042, "passed": true}}}, "check_style_score": "0/1"}