{"version": "1", "message": "ERROR: Hidden Testcases server unreachable.", "problem_id": "ads2_m4_a1_1", "user_id": "tshiva12", "score": {"sample": {"0": {"execution_time": 0.2225019931793213, "passed": true}, "1": {"execution_time": 0.19194650650024414, "passed": false}, "2": {"execution_time": 0.1629040241241455, "passed": false}, "3": {"execution_time": 0.1730339527130127, "passed": false}, "4": {"execution_time": 0.1989593505859375, "passed": false}, "5": {"execution_time": 0.1632235050201416, "passed": false}, "6": {"execution_time": 0.17031288146972656, "passed": false}, "7": {"execution_time": 0.16903328895568848, "passed": false}, "8": {"execution_time": 0.25002455711364746, "passed": true}, "9": {"execution_time": 0.2060689926147461, "passed": true}, "10": {"execution_time": 0.19513988494873047, "passed": true}, "11": {"execution_time": 0.14835333824157715, "passed": true}, "12": {"execution_time": 0.19266033172607422, "passed": true}, "13": {"execution_time": 0.16897273063659668, "passed": false}, "14": {"execution_time": 0.1880795955657959, "passed": true}}}, "check_style_score": "0/1"}