{"version": "1", "message": "ERROR: Hidden Testcases server unreachable.", "problem_id": "ads2_m4_a1_1", "user_id": "tshiva12", "score": {"sample": {"0": {"execution_time": 0.2585010528564453, "passed": true}, "1": {"execution_time": 0.2131485939025879, "passed": false}, "2": {"execution_time": 0.17495107650756836, "passed": false}, "3": {"execution_time": 0.18425440788269043, "passed": false}, "4": {"execution_time": 0.21616220474243164, "passed": false}, "5": {"execution_time": 0.14815497398376465, "passed": false}, "6": {"execution_time": 0.19698572158813477, "passed": false}, "7": {"execution_time": 0.17505860328674316, "passed": false}, "8": {"execution_time": 0.2542908191680908, "passed": true}, "9": {"execution_time": 0.23313260078430176, "passed": false}, "10": {"execution_time": 0.27341604232788086, "passed": false}, "11": {"execution_time": 0.15474247932434082, "passed": false}, "12": {"execution_time": 0.2269606590270996, "passed": false}, "13": {"execution_time": 0.17555785179138184, "passed": false}, "14": {"execution_time": 0.1927177906036377, "passed": true}}}, "check_style_score": "0/1"}