{"version": "1", "message": "ERROR: Hidden Testcases server unreachable.", "problem_id": "ads2_m4_a1_1", "user_id": "tshiva12", "score": {"sample": {"0": {"execution_time": 0.29381394386291504, "passed": true}, "1": {"execution_time": 0.24908876419067383, "passed": false}, "2": {"execution_time": 0.23622798919677734, "passed": false}, "3": {"execution_time": 0.26543235778808594, "passed": false}, "4": {"execution_time": 0.2687077522277832, "passed": false}, "5": {"execution_time": 0.24118399620056152, "passed": false}, "6": {"execution_time": 0.18265652656555176, "passed": false}, "7": {"execution_time": 0.2818303108215332, "passed": false}, "8": {"execution_time": 0.3130934238433838, "passed": true}, "9": {"execution_time": 0.21738004684448242, "passed": true}, "10": {"execution_time": 0.223435640335083, "passed": true}, "11": {"execution_time": 0.27426719665527344, "passed": true}, "12": {"execution_time": 0.36035871505737305, "passed": true}, "13": {"execution_time": 0.35491275787353516, "passed": false}, "14": {"execution_time": 0.45480775833129883, "passed": true}}}, "check_style_score": "0/1"}