{"version": "1", "message": "ERROR: Hidden Testcases server unreachable.", "problem_id": "ads2_m6_a1_1", "user_id": "tshiva12", "score": {"sample": {"0": {"execution_time": 0.2787742614746094, "passed": false}, "1": {"execution_time": 0.2520925998687744, "passed": false}, "2": {"execution_time": 0.22453927993774414, "passed": false}, "3": {"execution_time": 0.2310025691986084, "passed": false}, "4": {"execution_time": 0.2509913444519043, "passed": false}, "5": {"execution_time": 0.28950023651123047, "passed": false}, "6": {"execution_time": 0.2807197570800781, "passed": true}, "7": {"execution_time": 0.26989126205444336, "passed": false}, "8": {"execution_time": 0.2275676727294922, "passed": true}, "9": {"execution_time": 0.26984548568725586, "passed": false}, "10": {"execution_time": 0.2226109504699707, "passed": true}, "11": {"execution_time": 0.23888611793518066, "passed": false}}}, "check_style_score": "0/1"}