{"version": "1", "message": "ERROR: Hidden Testcases server unreachable.", "problem_id": "ads2_m6_a1_1", "user_id": "tshiva12", "score": {"sample": {"0": {"execution_time": 0.22261261940002441, "passed": false}, "1": {"execution_time": 0.2508833408355713, "passed": false}, "2": {"execution_time": 0.25101351737976074, "passed": false}, "3": {"execution_time": 0.24317574501037598, "passed": false}, "4": {"execution_time": 0.2298722267150879, "passed": false}, "5": {"execution_time": 0.26297616958618164, "passed": false}, "6": {"execution_time": 0.2610495090484619, "passed": true}, "7": {"execution_time": 0.22263026237487793, "passed": false}, "8": {"execution_time": 0.24856090545654297, "passed": true}, "9": {"execution_time": 0.24216556549072266, "passed": false}, "10": {"execution_time": 0.2527775764465332, "passed": true}, "11": {"execution_time": 0.2551121711730957, "passed": false}}}, "check_style_score": "0/1"}