{"version": "1", "message": "ERROR: Hidden Testcases server unreachable.", "problem_id": "ads2_m6_a1_1", "user_id": "tshiva12", "score": {"sample": {"0": {"execution_time": 0.2765669822692871, "passed": false}, "1": {"execution_time": 0.2406468391418457, "passed": false}, "2": {"execution_time": 0.2717757225036621, "passed": false}, "3": {"execution_time": 0.28655099868774414, "passed": false}, "4": {"execution_time": 0.2939298152923584, "passed": false}, "5": {"execution_time": 0.2741093635559082, "passed": false}, "6": {"execution_time": 0.2555670738220215, "passed": true}, "7": {"execution_time": 0.2428750991821289, "passed": false}, "8": {"execution_time": 0.27884411811828613, "passed": true}, "9": {"execution_time": 0.30487847328186035, "passed": false}, "10": {"execution_time": 0.27553772926330566, "passed": true}, "11": {"execution_time": 0.27828168869018555, "passed": false}}}, "check_style_score": "0/1"}