{"version": "1", "message": "ERROR: Hidden Testcases server unreachable.", "problem_id": "ads2_m6_a1_1", "user_id": "tshiva12", "score": {"sample": {"0": {"execution_time": 0.2538895606994629, "passed": false}, "1": {"execution_time": 0.27785444259643555, "passed": false}, "2": {"execution_time": 0.22807025909423828, "passed": false}, "3": {"execution_time": 0.23661255836486816, "passed": false}, "4": {"execution_time": 0.22178101539611816, "passed": true}, "5": {"execution_time": 0.2825329303741455, "passed": false}, "6": {"execution_time": 0.23462677001953125, "passed": true}, "7": {"execution_time": 0.2429802417755127, "passed": false}, "8": {"execution_time": 0.23605775833129883, "passed": true}, "9": {"execution_time": 0.25223875045776367, "passed": false}, "10": {"execution_time": 0.21085643768310547, "passed": true}, "11": {"execution_time": 0.26918673515319824, "passed": false}}}, "check_style_score": "1/1"}