{"version": "1", "message": "ERROR: Hidden Testcases server unreachable.", "problem_id": "ads2_m6_a1_1", "user_id": "tshiva12", "score": {"sample": {"0": {"execution_time": 0.25200772285461426, "passed": false}, "1": {"execution_time": 0.278095006942749, "passed": false}, "2": {"execution_time": 0.2390453815460205, "passed": false}, "3": {"execution_time": 0.24951934814453125, "passed": false}, "4": {"execution_time": 0.27191805839538574, "passed": false}, "5": {"execution_time": 0.262404203414917, "passed": false}, "6": {"execution_time": 0.23940229415893555, "passed": true}, "7": {"execution_time": 0.2557644844055176, "passed": false}, "8": {"execution_time": 0.22284245491027832, "passed": true}, "9": {"execution_time": 0.28034496307373047, "passed": false}, "10": {"execution_time": 0.24293208122253418, "passed": true}, "11": {"execution_time": 0.25336575508117676, "passed": false}}}, "check_style_score": "1/1"}