{"version": "1", "message": "ERROR: Hidden Testcases server unreachable.", "problem_id": "ads2_m6_a1_1", "user_id": "tshiva12", "score": {"sample": {"0": {"execution_time": 0.23871994018554688, "passed": false}, "1": {"execution_time": 0.2540004253387451, "passed": false}, "2": {"execution_time": 0.26645565032958984, "passed": false}, "3": {"execution_time": 0.26074814796447754, "passed": false}, "4": {"execution_time": 0.248765230178833, "passed": false}, "5": {"execution_time": 0.22478127479553223, "passed": false}, "6": {"execution_time": 0.26135849952697754, "passed": true}, "7": {"execution_time": 0.24975967407226562, "passed": false}, "8": {"execution_time": 0.22290754318237305, "passed": true}, "9": {"execution_time": 0.2606830596923828, "passed": false}, "10": {"execution_time": 0.2380962371826172, "passed": true}, "11": {"execution_time": 0.25354933738708496, "passed": false}}}, "check_style_score": "0/1"}