{"version": "1", "message": "ERROR: Hidden Testcases server unreachable.", "problem_id": "ads2_m6_a1_1", "user_id": "tshiva12", "score": {"sample": {"0": {"execution_time": 0.27799391746520996, "passed": false}, "1": {"execution_time": 0.22282862663269043, "passed": false}, "2": {"execution_time": 0.26914358139038086, "passed": false}, "3": {"execution_time": 0.2669248580932617, "passed": false}, "4": {"execution_time": 0.22336578369140625, "passed": false}, "5": {"execution_time": 0.2868616580963135, "passed": false}, "6": {"execution_time": 0.254971981048584, "passed": true}, "7": {"execution_time": 0.22322702407836914, "passed": false}, "8": {"execution_time": 0.2706596851348877, "passed": true}, "9": {"execution_time": 0.2530646324157715, "passed": false}, "10": {"execution_time": 0.2491450309753418, "passed": true}, "11": {"execution_time": 0.23665523529052734, "passed": false}}}, "check_style_score": "0/1"}