{"version": "1", "message": "ERROR: Hidden Testcases server unreachable.", "problem_id": "ads2_m6_a1_1", "user_id": "tshiva12", "score": {"sample": {"0": {"execution_time": 0.2547469139099121, "passed": false}, "1": {"execution_time": 0.23894357681274414, "passed": false}, "2": {"execution_time": 0.22236108779907227, "passed": false}, "3": {"execution_time": 0.25615859031677246, "passed": false}, "4": {"execution_time": 0.22341537475585938, "passed": false}, "5": {"execution_time": 0.22402739524841309, "passed": false}, "6": {"execution_time": 0.23887944221496582, "passed": true}, "7": {"execution_time": 0.27135443687438965, "passed": false}, "8": {"execution_time": 0.2540733814239502, "passed": true}, "9": {"execution_time": 0.26653289794921875, "passed": false}, "10": {"execution_time": 0.2599925994873047, "passed": true}, "11": {"execution_time": 0.28171205520629883, "passed": false}}}, "check_style_score": "0/1"}