{"version": "1", "message": "ERROR: Hidden Testcases server unreachable.", "problem_id": "ads2_m6_a1_1", "user_id": "tshiva12", "score": {"sample": {"0": {"execution_time": 0.26700258255004883, "passed": false}, "1": {"execution_time": 0.2372143268585205, "passed": false}, "2": {"execution_time": 0.25058865547180176, "passed": false}, "3": {"execution_time": 0.23882365226745605, "passed": false}, "4": {"execution_time": 0.22307491302490234, "passed": false}, "5": {"execution_time": 0.2526373863220215, "passed": false}, "6": {"execution_time": 0.2501201629638672, "passed": true}, "7": {"execution_time": 0.2621474266052246, "passed": false}, "8": {"execution_time": 0.23755335807800293, "passed": true}, "9": {"execution_time": 0.2650942802429199, "passed": false}, "10": {"execution_time": 0.24755215644836426, "passed": true}, "11": {"execution_time": 0.29532814025878906, "passed": false}}}, "check_style_score": "0/1"}