{"version": "1", "message": "ERROR: Hidden Testcases server unreachable.", "problem_id": "ads2_m6_a1_1", "user_id": "tshiva12", "score": {"sample": {"0": {"execution_time": 0.24935054779052734, "passed": false}, "1": {"execution_time": 0.2666628360748291, "passed": false}, "2": {"execution_time": 0.24270009994506836, "passed": false}, "3": {"execution_time": 0.25405073165893555, "passed": false}, "4": {"execution_time": 0.2645869255065918, "passed": false}, "5": {"execution_time": 0.2631533145904541, "passed": false}, "6": {"execution_time": 0.30190443992614746, "passed": false}, "7": {"execution_time": 0.312532901763916, "passed": false}, "8": {"execution_time": 0.21900510787963867, "passed": false}, "9": {"execution_time": 0.275540828704834, "passed": false}, "10": {"execution_time": 0.23035931587219238, "passed": false}, "11": {"execution_time": 0.25706052780151367, "passed": false}}}, "check_style_score": "0/1"}