{"version": "1", "message": "ERROR: Hidden Testcases server unreachable.", "problem_id": "ads2_m6_a1_1", "user_id": "tshiva12", "score": {"sample": {"0": {"execution_time": 0.22096896171569824, "passed": false}, "1": {"execution_time": 0.23028779029846191, "passed": false}, "2": {"execution_time": 0.2318875789642334, "passed": false}, "3": {"execution_time": 0.23764514923095703, "passed": false}, "4": {"execution_time": 0.24721646308898926, "passed": false}, "5": {"execution_time": 0.24058127403259277, "passed": false}, "6": {"execution_time": 0.21302175521850586, "passed": true}, "7": {"execution_time": 0.2121872901916504, "passed": false}, "8": {"execution_time": 0.21168088912963867, "passed": true}, "9": {"execution_time": 0.21959495544433594, "passed": false}, "10": {"execution_time": 0.24019265174865723, "passed": true}, "11": {"execution_time": 0.24221086502075195, "passed": false}}}, "check_style_score": "0/1"}