{"version": "1", "message": "ERROR: Hidden Testcases server unreachable.", "problem_id": "ads2_m6_a1_1", "user_id": "tshiva12", "score": {"sample": {"0": {"execution_time": 0.20572757720947266, "passed": false}, "1": {"execution_time": 0.22389721870422363, "passed": false}, "2": {"execution_time": 0.22168898582458496, "passed": false}, "3": {"execution_time": 0.22271227836608887, "passed": false}, "4": {"execution_time": 0.22260236740112305, "passed": false}, "5": {"execution_time": 0.22269511222839355, "passed": false}, "6": {"execution_time": 0.20772767066955566, "passed": true}, "7": {"execution_time": 0.22359204292297363, "passed": false}, "8": {"execution_time": 0.28784942626953125, "passed": true}, "9": {"execution_time": 0.22167158126831055, "passed": false}, "10": {"execution_time": 0.20774364471435547, "passed": true}, "11": {"execution_time": 0.26697850227355957, "passed": false}}}, "check_style_score": "0/1"}