{"version": "1", "message": "ERROR: Hidden Testcases server unreachable.", "problem_id": "ads2_m6_a1_1", "user_id": "tshiva12", "score": {"sample": {"0": {"execution_time": 0.2780599594116211, "passed": false}, "1": {"execution_time": 0.2670257091522217, "passed": false}, "2": {"execution_time": 0.2673795223236084, "passed": false}, "3": {"execution_time": 0.27587199211120605, "passed": false}, "4": {"execution_time": 0.2564728260040283, "passed": false}, "5": {"execution_time": 0.26962900161743164, "passed": true}, "6": {"execution_time": 0.31214213371276855, "passed": true}, "7": {"execution_time": 0.29886341094970703, "passed": false}, "8": {"execution_time": 0.28380799293518066, "passed": true}, "9": {"execution_time": 0.269214391708374, "passed": false}, "10": {"execution_time": 0.2523655891418457, "passed": true}, "11": {"execution_time": 0.2675628662109375, "passed": false}}}, "check_style_score": "1/1"}