{"version": "1", "message": "ERROR: Hidden Testcases server unreachable.", "problem_id": "ads2_m4_a1_1", "user_id": "tshiva12", "score": {"sample": {"0": {"execution_time": 0.25228285789489746, "passed": true}, "1": {"execution_time": 0.24284911155700684, "passed": true}, "2": {"execution_time": 0.2204749584197998, "passed": true}, "3": {"execution_time": 0.24380016326904297, "passed": true}, "4": {"execution_time": 0.21767926216125488, "passed": true}, "5": {"execution_time": 0.24657559394836426, "passed": true}, "6": {"execution_time": 0.22080206871032715, "passed": true}, "7": {"execution_time": 0.21924471855163574, "passed": true}, "8": {"execution_time": 0.2268993854522705, "passed": true}, "9": {"execution_time": 0.18893003463745117, "passed": true}, "10": {"execution_time": 0.20145010948181152, "passed": true}, "11": {"execution_time": 0.2208998203277588, "passed": true}, "12": {"execution_time": 0.21627235412597656, "passed": true}, "13": {"execution_time": 0.8087866306304932, "passed": true}, "14": {"execution_time": 0.17756867408752441, "passed": true}}}, "check_style_score": "0/1"}