{"version": "1", "message": "ERROR: Hidden Testcases server unreachable.", "problem_id": "ads2_m4_a1_1", "user_id": "tshiva12", "score": {"sample": {"0": {"execution_time": 0.24994111061096191, "passed": true}, "1": {"execution_time": 0.25726962089538574, "passed": true}, "2": {"execution_time": 0.2345728874206543, "passed": true}, "3": {"execution_time": 0.25984859466552734, "passed": true}, "4": {"execution_time": 0.2276759147644043, "passed": true}, "5": {"execution_time": 0.21663522720336914, "passed": true}, "6": {"execution_time": 0.21716046333312988, "passed": true}, "7": {"execution_time": 0.19945716857910156, "passed": true}, "8": {"execution_time": 0.23707866668701172, "passed": true}, "9": {"execution_time": 0.18966960906982422, "passed": true}, "10": {"execution_time": 0.20371079444885254, "passed": true}, "11": {"execution_time": 0.21532702445983887, "passed": true}, "12": {"execution_time": 0.19985532760620117, "passed": true}, "13": {"execution_time": 0.8433098793029785, "passed": true}, "14": {"execution_time": 0.22527790069580078, "passed": true}}}, "check_style_score": "0/1"}