{"version": "1", "message": "ERROR: Hidden Testcases server unreachable.", "problem_id": "ads2_m4_a1_1", "user_id": "tshiva12", "score": {"sample": {"0": {"execution_time": 0.22901511192321777, "passed": true}, "1": {"execution_time": 0.24554896354675293, "passed": true}, "2": {"execution_time": 0.3899106979370117, "passed": true}, "3": {"execution_time": 0.3022949695587158, "passed": true}, "4": {"execution_time": 0.21314620971679688, "passed": true}, "5": {"execution_time": 0.23911643028259277, "passed": true}, "6": {"execution_time": 0.2317523956298828, "passed": true}, "7": {"execution_time": 0.22840571403503418, "passed": true}, "8": {"execution_time": 0.25130605697631836, "passed": true}, "9": {"execution_time": 0.19376087188720703, "passed": true}, "10": {"execution_time": 0.20705938339233398, "passed": true}, "11": {"execution_time": 0.212568998336792, "passed": true}, "12": {"execution_time": 0.20855379104614258, "passed": true}, "13": {"execution_time": 0.8217678070068359, "passed": true}, "14": {"execution_time": 0.19444561004638672, "passed": true}}}, "check_style_score": "0/1"}