{"version": "1", "message": "ERROR: Hidden Testcases server unreachable.", "problem_id": "ads2_m2_a1_1", "user_id": "tshiva12", "score": {"sample": {"0": {"execution_time": 0.29539966583251953, "passed": true}, "1": {"execution_time": 0.1780252456665039, "passed": true}, "2": {"execution_time": 0.16567158699035645, "passed": true}, "3": {"execution_time": 0.1776447296142578, "passed": true}, "4": {"execution_time": 0.2016451358795166, "passed": true}, "5": {"execution_time": 0.20356106758117676, "passed": true}, "6": {"execution_time": 0.20900964736938477, "passed": true}, "7": {"execution_time": 0.2266254425048828, "passed": true}, "8": {"execution_time": 0.22702312469482422, "passed": true}, "9": {"execution_time": 0.20734524726867676, "passed": true}, "10": {"execution_time": 0.18943166732788086, "passed": true}, "11": {"execution_time": 0.1624748706817627, "passed": true}, "12": {"execution_time": 0.23189210891723633, "passed": true}, "13": {"execution_time": 0.2751131057739258, "passed": true}, "14": {"execution_time": 0.1814591884613037, "passed": true}, "15": {"execution_time": 0.20090031623840332, "passed": true}, "16": {"execution_time": 0.23106122016906738, "passed": true}, "17": {"execution_time": 0.27393031120300293, "passed": true}, "18": {"execution_time": 0.21391725540161133, "passed": true}, "19": {"execution_time": 0.23439407348632812, "passed": true}, "20": {"execution_time": 0.22745299339294434, "passed": true}, "21": {"execution_time": 0.2202293872833252, "passed": true}, "22": {"execution_time": 0.2788858413696289, "passed": true}, "23": {"execution_time": 0.33089709281921387, "passed": true}}}, "check_style_score": "1/1"}