{"version": "1", "message": "ERROR: Hidden Testcases server unreachable.", "problem_id": "ads2_m2_a1_1", "user_id": "tshiva12", "score": {"sample": {"0": {"execution_time": 0.2624044418334961, "passed": false}, "1": {"execution_time": 0.2477092742919922, "passed": false}, "2": {"execution_time": 0.26392531394958496, "passed": false}, "3": {"execution_time": 0.24689316749572754, "passed": false}, "4": {"execution_time": 0.25289058685302734, "passed": false}, "5": {"execution_time": 0.24258089065551758, "passed": false}, "6": {"execution_time": 0.2463369369506836, "passed": false}, "7": {"execution_time": 0.2608671188354492, "passed": false}, "8": {"execution_time": 0.24791908264160156, "passed": false}, "9": {"execution_time": 0.24061155319213867, "passed": false}, "10": {"execution_time": 0.2607872486114502, "passed": false}, "11": {"execution_time": 0.21581315994262695, "passed": false}, "12": {"execution_time": 0.24023056030273438, "passed": false}, "13": {"execution_time": 0.23296403884887695, "passed": false}, "14": {"execution_time": 0.2388615608215332, "passed": false}, "15": {"execution_time": 0.22823143005371094, "passed": false}, "16": {"execution_time": 0.23516440391540527, "passed": false}, "17": {"execution_time": 0.2501387596130371, "passed": false}, "18": {"execution_time": 0.22243738174438477, "passed": false}, "19": {"execution_time": 0.2637507915496826, "passed": false}, "20": {"execution_time": 0.22042059898376465, "passed": false}, "21": {"execution_time": 0.24231362342834473, "passed": false}, "22": {"execution_time": 0.23856759071350098, "passed": false}, "23": {"execution_time": 0.2774066925048828, "passed": false}}}, "check_style_score": "0/1"}