{"version": "1", "message": "ERROR: Hidden Testcases server unreachable.", "problem_id": "ads2_m2_a1_1", "user_id": "tshiva12", "score": {"sample": {"0": {"execution_time": 0.493192195892334, "passed": false}, "1": {"execution_time": 0.21828055381774902, "passed": false}, "2": {"execution_time": 0.25040197372436523, "passed": false}, "3": {"execution_time": 0.2579207420349121, "passed": false}, "4": {"execution_time": 0.2661616802215576, "passed": false}, "5": {"execution_time": 0.2853810787200928, "passed": false}, "6": {"execution_time": 0.3178098201751709, "passed": false}, "7": {"execution_time": 0.27722668647766113, "passed": false}, "8": {"execution_time": 0.24129581451416016, "passed": false}, "9": {"execution_time": 0.24513673782348633, "passed": false}, "10": {"execution_time": 0.19776177406311035, "passed": false}, "11": {"execution_time": 0.25601625442504883, "passed": false}, "12": {"execution_time": 0.27172303199768066, "passed": false}, "13": {"execution_time": 0.2338576316833496, "passed": false}, "14": {"execution_time": 0.26042604446411133, "passed": false}, "15": {"execution_time": 0.21598386764526367, "passed": false}, "16": {"execution_time": 0.25557994842529297, "passed": false}, "17": {"execution_time": 0.26863741874694824, "passed": false}, "18": {"execution_time": 0.2703394889831543, "passed": false}, "19": {"execution_time": 0.25741100311279297, "passed": false}, "20": {"execution_time": 0.2434239387512207, "passed": false}, "21": {"execution_time": 0.240142822265625, "passed": false}, "22": {"execution_time": 0.2322404384613037, "passed": false}, "23": {"execution_time": 0.2762787342071533, "passed": false}}}, "check_style_score": "0/1"}