{"version": "1", "message": "ERROR: Hidden Testcases server unreachable.", "problem_id": "ads2_m2_a1_1", "user_id": "tshiva12", "score": {"sample": {"0": {"execution_time": 0.24905610084533691, "passed": true}, "1": {"execution_time": 0.20798015594482422, "passed": true}, "2": {"execution_time": 0.18691539764404297, "passed": true}, "3": {"execution_time": 0.18718886375427246, "passed": true}, "4": {"execution_time": 0.18337464332580566, "passed": true}, "5": {"execution_time": 0.22687172889709473, "passed": true}, "6": {"execution_time": 0.17831015586853027, "passed": true}, "7": {"execution_time": 0.19594788551330566, "passed": true}, "8": {"execution_time": 0.1929025650024414, "passed": true}, "9": {"execution_time": 0.1857447624206543, "passed": true}, "10": {"execution_time": 0.17624926567077637, "passed": true}, "11": {"execution_time": 0.23174214363098145, "passed": true}, "12": {"execution_time": 0.1792898178100586, "passed": true}, "13": {"execution_time": 0.17793035507202148, "passed": true}, "14": {"execution_time": 0.17951226234436035, "passed": true}, "15": {"execution_time": 0.20112156867980957, "passed": true}, "16": {"execution_time": 0.20602202415466309, "passed": true}, "17": {"execution_time": 0.2151780128479004, "passed": true}, "18": {"execution_time": 0.27246952056884766, "passed": true}, "19": {"execution_time": 0.2264409065246582, "passed": true}, "20": {"execution_time": 0.27251434326171875, "passed": true}, "21": {"execution_time": 0.18645930290222168, "passed": true}, "22": {"execution_time": 0.2934410572052002, "passed": true}, "23": {"execution_time": 0.26641130447387695, "passed": true}}}, "check_style_score": "1/1"}