{"version": "1", "message": "ERROR: Hidden Testcases server unreachable.", "problem_id": "ads2_m2_a1_1", "user_id": "tshiva12", "score": {"sample": {"0": {"execution_time": 0.23583412170410156, "passed": false}, "1": {"execution_time": 0.23030304908752441, "passed": false}, "2": {"execution_time": 0.23900890350341797, "passed": false}, "3": {"execution_time": 0.2520570755004883, "passed": false}, "4": {"execution_time": 0.2884080410003662, "passed": false}, "5": {"execution_time": 0.22261929512023926, "passed": false}, "6": {"execution_time": 0.23798155784606934, "passed": false}, "7": {"execution_time": 0.22477030754089355, "passed": false}, "8": {"execution_time": 0.2673168182373047, "passed": false}, "9": {"execution_time": 0.2774076461791992, "passed": false}, "10": {"execution_time": 0.22359037399291992, "passed": false}, "11": {"execution_time": 0.25606703758239746, "passed": false}, "12": {"execution_time": 0.27355313301086426, "passed": false}, "13": {"execution_time": 0.26514673233032227, "passed": false}, "14": {"execution_time": 0.2624638080596924, "passed": false}, "15": {"execution_time": 0.23441267013549805, "passed": false}, "16": {"execution_time": 0.22080183029174805, "passed": false}, "17": {"execution_time": 0.26540160179138184, "passed": false}, "18": {"execution_time": 0.24819111824035645, "passed": false}, "19": {"execution_time": 0.2558305263519287, "passed": false}, "20": {"execution_time": 0.25426554679870605, "passed": false}, "21": {"execution_time": 0.2313096523284912, "passed": false}, "22": {"execution_time": 0.25525760650634766, "passed": false}, "23": {"execution_time": 0.24582695960998535, "passed": false}}}, "check_style_score": "0/1"}