{"version": "1", "message": "ERROR: Hidden Testcases server unreachable.", "problem_id": "ads2_m2_a1_1", "user_id": "tshiva12", "score": {"sample": {"0": {"execution_time": 0.255204439163208, "passed": false}, "1": {"execution_time": 0.24999260902404785, "passed": false}, "2": {"execution_time": 0.22316384315490723, "passed": false}, "3": {"execution_time": 0.266310453414917, "passed": false}, "4": {"execution_time": 0.29097414016723633, "passed": false}, "5": {"execution_time": 0.25928378105163574, "passed": false}, "6": {"execution_time": 0.2469463348388672, "passed": false}, "7": {"execution_time": 0.2213273048400879, "passed": false}, "8": {"execution_time": 0.19910693168640137, "passed": false}, "9": {"execution_time": 0.22614574432373047, "passed": false}, "10": {"execution_time": 0.28397512435913086, "passed": false}, "11": {"execution_time": 0.2593832015991211, "passed": false}, "12": {"execution_time": 0.2882974147796631, "passed": false}, "13": {"execution_time": 0.28733301162719727, "passed": false}, "14": {"execution_time": 0.23926043510437012, "passed": false}, "15": {"execution_time": 0.2550618648529053, "passed": false}, "16": {"execution_time": 0.23888850212097168, "passed": false}, "17": {"execution_time": 0.24402093887329102, "passed": false}, "18": {"execution_time": 0.2573239803314209, "passed": false}, "19": {"execution_time": 0.24935054779052734, "passed": false}, "20": {"execution_time": 0.27498769760131836, "passed": false}, "21": {"execution_time": 0.2694253921508789, "passed": false}, "22": {"execution_time": 0.22245478630065918, "passed": false}, "23": {"execution_time": 0.2522432804107666, "passed": false}}}, "check_style_score": "0/1"}