{"version": "1", "message": "ERROR: Hidden Testcases server unreachable.", "problem_id": "ads2_m2_a1_1", "user_id": "tshiva12", "score": {"sample": {"0": {"execution_time": 0.2266089916229248, "passed": false}, "1": {"execution_time": 0.23322129249572754, "passed": false}, "2": {"execution_time": 0.29259824752807617, "passed": false}, "3": {"execution_time": 0.24841737747192383, "passed": false}, "4": {"execution_time": 0.2113204002380371, "passed": false}, "5": {"execution_time": 0.20678043365478516, "passed": false}, "6": {"execution_time": 0.22515344619750977, "passed": false}, "7": {"execution_time": 0.24033331871032715, "passed": false}, "8": {"execution_time": 0.24019360542297363, "passed": false}, "9": {"execution_time": 0.2236931324005127, "passed": false}, "10": {"execution_time": 0.2392730712890625, "passed": false}, "11": {"execution_time": 0.20920944213867188, "passed": false}, "12": {"execution_time": 0.21996116638183594, "passed": false}, "13": {"execution_time": 0.24988269805908203, "passed": false}, "14": {"execution_time": 0.25119972229003906, "passed": false}, "15": {"execution_time": 0.2433764934539795, "passed": false}, "16": {"execution_time": 0.2464902400970459, "passed": false}, "17": {"execution_time": 0.2420334815979004, "passed": false}, "18": {"execution_time": 0.21662569046020508, "passed": false}, "19": {"execution_time": 0.23566603660583496, "passed": false}, "20": {"execution_time": 0.22344088554382324, "passed": false}, "21": {"execution_time": 0.23312044143676758, "passed": false}, "22": {"execution_time": 0.22153949737548828, "passed": false}, "23": {"execution_time": 0.2630496025085449, "passed": false}}}, "check_style_score": "1/1"}