{"version": "1", "message": "ERROR: Hidden Testcases server unreachable.", "problem_id": "ads2_m2_a1_1", "user_id": "tshiva12", "score": {"sample": {"0": {"execution_time": 0.2744779586791992, "passed": true}, "1": {"execution_time": 0.23612689971923828, "passed": true}, "2": {"execution_time": 0.23265981674194336, "passed": true}, "3": {"execution_time": 0.2373943328857422, "passed": true}, "4": {"execution_time": 0.23272442817687988, "passed": true}, "5": {"execution_time": 0.26754164695739746, "passed": true}, "6": {"execution_time": 0.25880980491638184, "passed": true}, "7": {"execution_time": 0.2610766887664795, "passed": true}, "8": {"execution_time": 0.24180173873901367, "passed": true}, "9": {"execution_time": 0.2832298278808594, "passed": true}, "10": {"execution_time": 0.276151180267334, "passed": true}, "11": {"execution_time": 0.23601031303405762, "passed": true}, "12": {"execution_time": 0.25878143310546875, "passed": true}, "13": {"execution_time": 0.2490231990814209, "passed": true}, "14": {"execution_time": 0.3175032138824463, "passed": true}, "15": {"execution_time": 0.28814005851745605, "passed": true}, "16": {"execution_time": 0.325040340423584, "passed": true}, "17": {"execution_time": 0.3078153133392334, "passed": true}, "18": {"execution_time": 0.2931668758392334, "passed": true}, "19": {"execution_time": 0.31760716438293457, "passed": true}, "20": {"execution_time": 0.34523701667785645, "passed": true}, "21": {"execution_time": 0.284745454788208, "passed": true}, "22": {"execution_time": 0.32546257972717285, "passed": true}, "23": {"execution_time": 0.30210089683532715, "passed": true}}}, "check_style_score": "1/1"}