{"version": "1", "message": "ERROR: Hidden Testcases server unreachable.", "problem_id": "ads2_m2_a1_1", "user_id": "tshiva12", "score": {"sample": {"0": {"execution_time": 0.2761507034301758, "passed": false}, "1": {"execution_time": 0.22471332550048828, "passed": false}, "2": {"execution_time": 0.2478957176208496, "passed": false}, "3": {"execution_time": 0.23170828819274902, "passed": false}, "4": {"execution_time": 0.23653244972229004, "passed": false}, "5": {"execution_time": 0.25031447410583496, "passed": false}, "6": {"execution_time": 0.31546664237976074, "passed": false}, "7": {"execution_time": 0.24195027351379395, "passed": false}, "8": {"execution_time": 0.2319319248199463, "passed": false}, "9": {"execution_time": 0.23274755477905273, "passed": false}, "10": {"execution_time": 0.25969719886779785, "passed": false}, "11": {"execution_time": 0.24895763397216797, "passed": false}, "12": {"execution_time": 0.2237558364868164, "passed": false}, "13": {"execution_time": 0.21696853637695312, "passed": false}, "14": {"execution_time": 0.21969366073608398, "passed": false}, "15": {"execution_time": 0.26311206817626953, "passed": false}, "16": {"execution_time": 0.263655424118042, "passed": false}, "17": {"execution_time": 0.2397310733795166, "passed": false}, "18": {"execution_time": 0.2832469940185547, "passed": false}, "19": {"execution_time": 0.26483798027038574, "passed": false}, "20": {"execution_time": 0.27901458740234375, "passed": false}, "21": {"execution_time": 0.2310771942138672, "passed": false}, "22": {"execution_time": 0.27121496200561523, "passed": false}, "23": {"execution_time": 0.23106622695922852, "passed": false}}}, "check_style_score": "1/1"}