{"version": "1", "message": "ERROR: Hidden Testcases server unreachable.", "problem_id": "ads2_m2_a1_1", "user_id": "tshiva12", "score": {"sample": {"0": {"execution_time": 0.20077085494995117, "passed": true}, "1": {"execution_time": 0.18110084533691406, "passed": true}, "2": {"execution_time": 0.20168232917785645, "passed": true}, "3": {"execution_time": 0.2437751293182373, "passed": true}, "4": {"execution_time": 0.20650148391723633, "passed": true}, "5": {"execution_time": 0.1588742733001709, "passed": true}, "6": {"execution_time": 0.17626571655273438, "passed": true}, "7": {"execution_time": 0.22287821769714355, "passed": true}, "8": {"execution_time": 0.19281625747680664, "passed": true}, "9": {"execution_time": 0.17009949684143066, "passed": true}, "10": {"execution_time": 0.20443058013916016, "passed": true}, "11": {"execution_time": 0.188826322555542, "passed": true}, "12": {"execution_time": 0.1809546947479248, "passed": true}, "13": {"execution_time": 0.20491957664489746, "passed": true}, "14": {"execution_time": 0.19691967964172363, "passed": true}, "15": {"execution_time": 0.20631623268127441, "passed": true}, "16": {"execution_time": 0.21588659286499023, "passed": true}, "17": {"execution_time": 0.254413366317749, "passed": true}, "18": {"execution_time": 0.23351287841796875, "passed": true}, "19": {"execution_time": 0.28685569763183594, "passed": true}, "20": {"execution_time": 0.23632097244262695, "passed": true}, "21": {"execution_time": 0.1973283290863037, "passed": true}, "22": {"execution_time": 0.25119900703430176, "passed": true}, "23": {"execution_time": 0.2811923027038574, "passed": true}}}, "check_style_score": "1/1"}