{"version": "1", "message": "ERROR: Hidden Testcases server unreachable.", "problem_id": "ads2_m2_a1_1", "user_id": "tshiva12", "score": {"sample": {"0": {"execution_time": 0.19840526580810547, "passed": true}, "1": {"execution_time": 0.21538972854614258, "passed": true}, "2": {"execution_time": 0.1731858253479004, "passed": true}, "3": {"execution_time": 0.1998283863067627, "passed": true}, "4": {"execution_time": 0.18868446350097656, "passed": true}, "5": {"execution_time": 0.20180153846740723, "passed": true}, "6": {"execution_time": 0.19115877151489258, "passed": true}, "7": {"execution_time": 0.2045438289642334, "passed": true}, "8": {"execution_time": 0.18007612228393555, "passed": true}, "9": {"execution_time": 0.1676778793334961, "passed": true}, "10": {"execution_time": 0.19854068756103516, "passed": true}, "11": {"execution_time": 0.1859290599822998, "passed": true}, "12": {"execution_time": 0.20636868476867676, "passed": true}, "13": {"execution_time": 0.1877155303955078, "passed": true}, "14": {"execution_time": 0.2117142677307129, "passed": true}, "15": {"execution_time": 0.20322346687316895, "passed": true}, "16": {"execution_time": 0.1983327865600586, "passed": true}, "17": {"execution_time": 0.2665252685546875, "passed": true}, "18": {"execution_time": 0.21478748321533203, "passed": true}, "19": {"execution_time": 0.23378968238830566, "passed": true}, "20": {"execution_time": 0.25103163719177246, "passed": true}, "21": {"execution_time": 0.19298291206359863, "passed": true}, "22": {"execution_time": 0.2919623851776123, "passed": true}, "23": {"execution_time": 0.2837038040161133, "passed": true}}}, "check_style_score": "1/1"}