{"version": "1", "message": "ERROR: Hidden Testcases server unreachable.", "problem_id": "ads2_m16_a1_1", "user_id": "tshiva12", "score": {"sample": {"0": {"execution_time": 0.2937016487121582, "passed": false}, "1": {"execution_time": 0.3471996784210205, "passed": false}, "2": {"execution_time": 1.185378074645996, "passed": false}, "3": {"execution_time": 1.1114349365234375, "passed": false}, "4": {"execution_time": 1.0507564544677734, "passed": false}, "5": {"execution_time": 1.8989067077636719, "passed": false}, "6": {"execution_time": 1.9003534317016602, "passed": false}, "7": {"execution_time": 1.9196276664733887, "passed": false}, "8": {"execution_time": 0.6740806102752686, "passed": false}, "9": {"execution_time": 1.9042003154754639, "passed": false}, "10": {"execution_time": 1.880108118057251, "passed": false}, "11": {"execution_time": 0.4472849369049072, "passed": false}, "12": {"execution_time": 1.828101396560669, "passed": false}, "13": {"execution_time": 0.4838719367980957, "passed": true}, "14": {"execution_time": 1.8718795776367188, "passed": false}, "15": {"execution_time": 1.9289631843566895, "passed": false}, "16": {"execution_time": 0.6866412162780762, "passed": false}, "17": {"execution_time": 0.6494534015655518, "passed": false}, "18": {"execution_time": 0.6238915920257568, "passed": false}, "19": {"execution_time": 0.3889460563659668, "passed": false}, "20": {"execution_time": 0.43476295471191406, "passed": false}, "21": {"execution_time": 0.4310307502746582, "passed": false}, "22": {"execution_time": 0.4365086555480957, "passed": false}, "23": {"execution_time": 0.5091755390167236, "passed": false}, "24": {"execution_time": 0.3181264400482178, "passed": true}, "25": {"execution_time": 1.1675262451171875, "passed": false}, "26": {"execution_time": 0.8932418823242188, "passed": false}, "27": {"execution_time": 1.2105467319488525, "passed": false}, "28": {"execution_time": 2.499472141265869, "passed": false}, "29": {"execution_time": 0.4172484874725342, "passed": false}}}, "check_style_score": "0/1"}