{"version": "1", "message": "ERROR: Hidden Testcases server unreachable.", "problem_id": "ads2_m16_a1_1", "user_id": "tshiva12", "score": {"sample": {"0": {"execution_time": 0.3657364845275879, "passed": false}, "1": {"execution_time": 0.34111928939819336, "passed": false}, "2": {"execution_time": 1.2041475772857666, "passed": false}, "3": {"execution_time": 1.2331290245056152, "passed": false}, "4": {"execution_time": 1.3088698387145996, "passed": false}, "5": {"execution_time": 1.2534708976745605, "passed": false}, "6": {"execution_time": 1.4335122108459473, "passed": false}, "7": {"execution_time": 1.8965787887573242, "passed": false}, "8": {"execution_time": 0.4068562984466553, "passed": false}, "9": {"execution_time": 1.8470056056976318, "passed": false}, "10": {"execution_time": 1.7989275455474854, "passed": false}, "11": {"execution_time": 0.4389214515686035, "passed": false}, "12": {"execution_time": 1.4749691486358643, "passed": false}, "13": {"execution_time": 0.5008299350738525, "passed": true}, "14": {"execution_time": 1.9129436016082764, "passed": false}, "15": {"execution_time": 1.6202526092529297, "passed": false}, "16": {"execution_time": 0.5385401248931885, "passed": false}, "17": {"execution_time": 0.41957998275756836, "passed": false}, "18": {"execution_time": 0.4319436550140381, "passed": false}, "19": {"execution_time": 0.6857485771179199, "passed": false}, "20": {"execution_time": 0.6954410076141357, "passed": false}, "21": {"execution_time": 0.6985681056976318, "passed": false}, "22": {"execution_time": 0.6795566082000732, "passed": false}, "23": {"execution_time": 0.4937779903411865, "passed": false}, "24": {"execution_time": 0.47739195823669434, "passed": true}, "25": {"execution_time": 1.8416252136230469, "passed": false}, "26": {"execution_time": 1.46944260597229, "passed": false}, "27": {"execution_time": 1.957676887512207, "passed": false}, "28": {"execution_time": 3.1076602935791016, "passed": false}, "29": {"execution_time": 0.5176920890808105, "passed": false}}}, "check_style_score": "0/1"}