{"version": "1", "message": "ERROR: Hidden Testcases server unreachable.", "problem_id": "ads2_m16_a1_1", "user_id": "tshiva12", "score": {"sample": {"0": {"execution_time": 1.2854022979736328, "passed": true}, "1": {"execution_time": 1.3467316627502441, "passed": true}, "2": {"execution_time": 2.06437087059021, "passed": true}, "3": {"execution_time": 1.845653772354126, "passed": true}, "4": {"execution_time": 2.066128730773926, "passed": true}, "5": {"execution_time": 2.0486443042755127, "passed": true}, "6": {"execution_time": 2.0679209232330322, "passed": true}, "7": {"execution_time": 2.064232587814331, "passed": true}, "8": {"execution_time": 1.3915419578552246, "passed": true}, "9": {"execution_time": 1.0007200241088867, "passed": true}, "10": {"execution_time": 0.988328218460083, "passed": true}, "11": {"execution_time": 2.610529661178589, "passed": true}, "12": {"execution_time": 2.080368995666504, "passed": true}, "13": {"execution_time": 1.0819716453552246, "passed": true}, "14": {"execution_time": 0.9692561626434326, "passed": true}, "15": {"execution_time": 10.131815910339355, "passed": false}, "16": {"execution_time": 1.3448505401611328, "passed": true}, "17": {"execution_time": 1.303149700164795, "passed": true}, "18": {"execution_time": 1.2672972679138184, "passed": true}, "19": {"execution_time": 10.028409481048584, "passed": false}, "20": {"execution_time": 10.021580696105957, "passed": false}, "21": {"execution_time": 0.3205282688140869, "passed": true}, "22": {"execution_time": 0.3514089584350586, "passed": true}, "23": {"execution_time": 10.03145456314087, "passed": false}, "24": {"execution_time": 1.0804646015167236, "passed": true}, "25": {"execution_time": 10.128978490829468, "passed": false}, "26": {"execution_time": 10.095503091812134, "passed": false}, "27": {"execution_time": 10.13991403579712, "passed": false}, "28": {"execution_time": 10.169218063354492, "passed": false}, "29": {"execution_time": 0.2357168197631836, "passed": true}}}, "check_style_score": "0/1"}