{"version": "1", "message": "ERROR: Hidden Testcases server unreachable.", "problem_id": "ads2_m16_a1_1", "user_id": "tshiva12", "score": {"sample": {"0": {"execution_time": 1.264746904373169, "passed": true}, "1": {"execution_time": 1.3140144348144531, "passed": true}, "2": {"execution_time": 1.9890806674957275, "passed": true}, "3": {"execution_time": 1.96907639503479, "passed": true}, "4": {"execution_time": 1.9850354194641113, "passed": true}, "5": {"execution_time": 2.079772472381592, "passed": true}, "6": {"execution_time": 2.065129041671753, "passed": true}, "7": {"execution_time": 2.0323619842529297, "passed": true}, "8": {"execution_time": 1.2818984985351562, "passed": true}, "9": {"execution_time": 0.9732434749603271, "passed": true}, "10": {"execution_time": 0.9555761814117432, "passed": true}, "11": {"execution_time": 2.578930377960205, "passed": true}, "12": {"execution_time": 2.1276650428771973, "passed": true}, "13": {"execution_time": 1.1367557048797607, "passed": true}, "14": {"execution_time": 1.0145487785339355, "passed": true}, "15": {"execution_time": 10.144980192184448, "passed": false}, "16": {"execution_time": 1.3293383121490479, "passed": true}, "17": {"execution_time": 1.344083309173584, "passed": true}, "18": {"execution_time": 1.312978744506836, "passed": true}, "19": {"execution_time": 10.015851020812988, "passed": false}, "20": {"execution_time": 10.021592140197754, "passed": false}, "21": {"execution_time": 0.3515594005584717, "passed": true}, "22": {"execution_time": 0.3593571186065674, "passed": true}, "23": {"execution_time": 10.01745867729187, "passed": false}, "24": {"execution_time": 1.1034183502197266, "passed": true}, "25": {"execution_time": 10.134570360183716, "passed": false}, "26": {"execution_time": 10.115259647369385, "passed": false}, "27": {"execution_time": 10.146901845932007, "passed": false}, "28": {"execution_time": 10.163294315338135, "passed": false}, "29": {"execution_time": 0.2198038101196289, "passed": false}}}, "check_style_score": "0/1"}