{"version": "1", "message": "ERROR: Hidden Testcases server unreachable.", "problem_id": "ads2_m16_a1_1", "user_id": "tshiva12", "score": {"sample": {"0": {"execution_time": 0.2723422050476074, "passed": false}, "1": {"execution_time": 0.22404074668884277, "passed": false}, "2": {"execution_time": 0.9122984409332275, "passed": false}, "3": {"execution_time": 0.9179840087890625, "passed": false}, "4": {"execution_time": 0.882594108581543, "passed": false}, "5": {"execution_time": 0.9033386707305908, "passed": false}, "6": {"execution_time": 0.9698951244354248, "passed": false}, "7": {"execution_time": 0.9973814487457275, "passed": false}, "8": {"execution_time": 0.3042285442352295, "passed": false}, "9": {"execution_time": 0.9223513603210449, "passed": false}, "10": {"execution_time": 0.9757018089294434, "passed": false}, "11": {"execution_time": 0.19359898567199707, "passed": false}, "12": {"execution_time": 1.016045093536377, "passed": false}, "13": {"execution_time": 0.28691935539245605, "passed": true}, "14": {"execution_time": 0.9538447856903076, "passed": false}, "15": {"execution_time": 1.0290827751159668, "passed": false}, "16": {"execution_time": 0.34504151344299316, "passed": false}, "17": {"execution_time": 0.29799365997314453, "passed": false}, "18": {"execution_time": 0.32510995864868164, "passed": false}, "19": {"execution_time": 0.2779364585876465, "passed": false}, "20": {"execution_time": 0.3440678119659424, "passed": false}, "21": {"execution_time": 0.32030320167541504, "passed": false}, "22": {"execution_time": 0.2982802391052246, "passed": false}, "23": {"execution_time": 0.3135945796966553, "passed": false}, "24": {"execution_time": 0.2257375717163086, "passed": true}, "25": {"execution_time": 0.982257604598999, "passed": false}, "26": {"execution_time": 0.6889026165008545, "passed": false}, "27": {"execution_time": 0.971804141998291, "passed": false}, "28": {"execution_time": 1.7172739505767822, "passed": false}, "29": {"execution_time": 0.23986220359802246, "passed": true}}}, "check_style_score": "0/1"}