{"version": "1", "message": "ERROR: Hidden Testcases server unreachable.", "problem_id": "ads2_m16_a1_1", "user_id": "tshiva12", "score": {"sample": {"0": {"execution_time": 1.2258992195129395, "passed": true}, "1": {"execution_time": 1.2799351215362549, "passed": true}, "2": {"execution_time": 2.0131208896636963, "passed": true}, "3": {"execution_time": 2.007664203643799, "passed": true}, "4": {"execution_time": 1.9928622245788574, "passed": true}, "5": {"execution_time": 2.05777645111084, "passed": true}, "6": {"execution_time": 2.0751113891601562, "passed": true}, "7": {"execution_time": 2.0361969470977783, "passed": true}, "8": {"execution_time": 1.4262206554412842, "passed": true}, "9": {"execution_time": 0.9974734783172607, "passed": true}, "10": {"execution_time": 0.9302096366882324, "passed": true}, "11": {"execution_time": 2.6342432498931885, "passed": true}, "12": {"execution_time": 2.1490540504455566, "passed": true}, "13": {"execution_time": 1.062382459640503, "passed": true}, "14": {"execution_time": 0.9192743301391602, "passed": true}, "15": {"execution_time": 10.137765407562256, "passed": false}, "16": {"execution_time": 1.374074935913086, "passed": true}, "17": {"execution_time": 1.2778830528259277, "passed": true}, "18": {"execution_time": 1.2907657623291016, "passed": true}, "19": {"execution_time": 10.029314756393433, "passed": false}, "20": {"execution_time": 10.03020453453064, "passed": false}, "21": {"execution_time": 0.35213160514831543, "passed": true}, "22": {"execution_time": 0.3502986431121826, "passed": true}, "23": {"execution_time": 10.01978874206543, "passed": false}, "24": {"execution_time": 1.0508928298950195, "passed": true}, "25": {"execution_time": 10.132708072662354, "passed": false}, "26": {"execution_time": 10.11959457397461, "passed": false}, "27": {"execution_time": 10.138157606124878, "passed": false}, "28": {"execution_time": 10.211919784545898, "passed": false}, "29": {"execution_time": 0.2508585453033447, "passed": true}}}, "check_style_score": "0/1"}