{"version": "1", "message": "ERROR: Hidden Testcases server unreachable.", "problem_id": "ads2_m16_a1_1", "user_id": "tshiva12", "score": {"sample": {"0": {"execution_time": 0.5827646255493164, "passed": false}, "1": {"execution_time": 0.3664548397064209, "passed": false}, "2": {"execution_time": 1.1285021305084229, "passed": false}, "3": {"execution_time": 1.046863317489624, "passed": false}, "4": {"execution_time": 1.116992473602295, "passed": false}, "5": {"execution_time": 1.0615804195404053, "passed": false}, "6": {"execution_time": 1.076746940612793, "passed": false}, "7": {"execution_time": 1.1337523460388184, "passed": false}, "8": {"execution_time": 0.5004808902740479, "passed": false}, "9": {"execution_time": 1.0748236179351807, "passed": false}, "10": {"execution_time": 1.1914904117584229, "passed": false}, "11": {"execution_time": 0.3401143550872803, "passed": false}, "12": {"execution_time": 1.1593427658081055, "passed": false}, "13": {"execution_time": 0.35230064392089844, "passed": true}, "14": {"execution_time": 1.1863126754760742, "passed": false}, "15": {"execution_time": 1.097930669784546, "passed": false}, "16": {"execution_time": 0.4142770767211914, "passed": false}, "17": {"execution_time": 0.4537680149078369, "passed": false}, "18": {"execution_time": 0.43825674057006836, "passed": false}, "19": {"execution_time": 0.46465039253234863, "passed": false}, "20": {"execution_time": 0.4495260715484619, "passed": false}, "21": {"execution_time": 0.42515015602111816, "passed": false}, "22": {"execution_time": 0.36900806427001953, "passed": false}, "23": {"execution_time": 0.32893967628479004, "passed": false}, "24": {"execution_time": 0.29062533378601074, "passed": true}, "25": {"execution_time": 1.1810688972473145, "passed": false}, "26": {"execution_time": 1.0655467510223389, "passed": false}, "27": {"execution_time": 1.2084150314331055, "passed": false}, "28": {"execution_time": 2.7807414531707764, "passed": false}, "29": {"execution_time": 0.5327479839324951, "passed": false}}}, "check_style_score": "0/1"}