{"version": "1", "message": "ERROR: Hidden Testcases server unreachable.", "problem_id": "ads2_m16_a1_1", "user_id": "tshiva12", "score": {"sample": {"0": {"execution_time": 0.9579706192016602, "passed": false}, "1": {"execution_time": 0.4147496223449707, "passed": false}, "2": {"execution_time": 1.2566039562225342, "passed": false}, "3": {"execution_time": 2.1687448024749756, "passed": false}, "4": {"execution_time": 1.8841643333435059, "passed": false}, "5": {"execution_time": 1.9842066764831543, "passed": false}, "6": {"execution_time": 1.9557440280914307, "passed": false}, "7": {"execution_time": 1.3019452095031738, "passed": false}, "8": {"execution_time": 0.5189056396484375, "passed": false}, "9": {"execution_time": 1.1221892833709717, "passed": false}, "10": {"execution_time": 1.8714003562927246, "passed": false}, "11": {"execution_time": 0.4675939083099365, "passed": false}, "12": {"execution_time": 1.983445405960083, "passed": false}, "13": {"execution_time": 0.4931159019470215, "passed": true}, "14": {"execution_time": 1.9230680465698242, "passed": false}, "15": {"execution_time": 1.8610873222351074, "passed": false}, "16": {"execution_time": 0.6924352645874023, "passed": false}, "17": {"execution_time": 0.6588711738586426, "passed": false}, "18": {"execution_time": 0.647122859954834, "passed": false}, "19": {"execution_time": 0.41078686714172363, "passed": false}, "20": {"execution_time": 0.48293185234069824, "passed": false}, "21": {"execution_time": 0.4761631488800049, "passed": false}, "22": {"execution_time": 0.45467257499694824, "passed": false}, "23": {"execution_time": 0.7052760124206543, "passed": false}, "24": {"execution_time": 0.4848613739013672, "passed": true}, "25": {"execution_time": 1.9375908374786377, "passed": false}, "26": {"execution_time": 1.5070006847381592, "passed": false}, "27": {"execution_time": 1.9039154052734375, "passed": false}, "28": {"execution_time": 3.432575225830078, "passed": false}, "29": {"execution_time": 0.6069724559783936, "passed": false}}}, "check_style_score": "0/1"}