{"version": "1", "message": "ERROR: Hidden Testcases server unreachable.", "problem_id": "ads2_m16_a1_1", "user_id": "tshiva12", "score": {"sample": {"0": {"execution_time": 0.2950773239135742, "passed": true}, "1": {"execution_time": 0.2652127742767334, "passed": true}, "2": {"execution_time": 0.9818956851959229, "passed": true}, "3": {"execution_time": 0.9477591514587402, "passed": true}, "4": {"execution_time": 0.9529290199279785, "passed": true}, "5": {"execution_time": 0.9540958404541016, "passed": true}, "6": {"execution_time": 0.9292609691619873, "passed": true}, "7": {"execution_time": 0.9340579509735107, "passed": true}, "8": {"execution_time": 0.3496665954589844, "passed": true}, "9": {"execution_time": 0.9672198295593262, "passed": true}, "10": {"execution_time": 0.8871891498565674, "passed": true}, "11": {"execution_time": 3.5635135173797607, "passed": true}, "12": {"execution_time": 0.9767045974731445, "passed": true}, "13": {"execution_time": 0.24725556373596191, "passed": true}, "14": {"execution_time": 0.9757704734802246, "passed": true}, "15": {"execution_time": 0.96366286277771, "passed": true}, "16": {"execution_time": 0.33141207695007324, "passed": true}, "17": {"execution_time": 0.31588315963745117, "passed": true}, "18": {"execution_time": 0.3499796390533447, "passed": true}, "19": {"execution_time": 0.36626267433166504, "passed": true}, "20": {"execution_time": 0.3762633800506592, "passed": true}, "21": {"execution_time": 0.33731961250305176, "passed": true}, "22": {"execution_time": 0.34203624725341797, "passed": true}, "23": {"execution_time": 0.36071276664733887, "passed": true}, "24": {"execution_time": 0.22227072715759277, "passed": true}, "25": {"execution_time": 0.9849419593811035, "passed": true}, "26": {"execution_time": 0.7543728351593018, "passed": true}, "27": {"execution_time": 0.9948146343231201, "passed": true}, "28": {"execution_time": 1.6140320301055908, "passed": true}, "29": {"execution_time": 0.22684764862060547, "passed": true}}}, "check_style_score": "0/1"}