{"version": "1", "message": "ERROR: Hidden Testcases server unreachable.", "problem_id": "ads2_m16_a1_1", "user_id": "tshiva12", "score": {"sample": {"0": {"execution_time": 0.27298569679260254, "passed": true}, "1": {"execution_time": 0.2620842456817627, "passed": true}, "2": {"execution_time": 0.945995569229126, "passed": true}, "3": {"execution_time": 0.928318977355957, "passed": true}, "4": {"execution_time": 0.8611338138580322, "passed": true}, "5": {"execution_time": 1.0178978443145752, "passed": true}, "6": {"execution_time": 1.0219597816467285, "passed": true}, "7": {"execution_time": 1.021744966506958, "passed": true}, "8": {"execution_time": 0.36165857315063477, "passed": true}, "9": {"execution_time": 0.9256479740142822, "passed": true}, "10": {"execution_time": 1.0102691650390625, "passed": true}, "11": {"execution_time": 3.5951101779937744, "passed": true}, "12": {"execution_time": 0.9056901931762695, "passed": true}, "13": {"execution_time": 0.25438404083251953, "passed": true}, "14": {"execution_time": 0.9755935668945312, "passed": true}, "15": {"execution_time": 0.9473476409912109, "passed": true}, "16": {"execution_time": 0.34307312965393066, "passed": true}, "17": {"execution_time": 0.37561607360839844, "passed": true}, "18": {"execution_time": 0.3688182830810547, "passed": true}, "19": {"execution_time": 0.35004210472106934, "passed": true}, "20": {"execution_time": 0.3714914321899414, "passed": true}, "21": {"execution_time": 0.32667064666748047, "passed": true}, "22": {"execution_time": 0.3340764045715332, "passed": true}, "23": {"execution_time": 0.33624958992004395, "passed": true}, "24": {"execution_time": 0.25395631790161133, "passed": true}, "25": {"execution_time": 1.0279760360717773, "passed": true}, "26": {"execution_time": 0.8497939109802246, "passed": true}, "27": {"execution_time": 1.0243439674377441, "passed": true}, "28": {"execution_time": 1.6340067386627197, "passed": true}, "29": {"execution_time": 0.2204124927520752, "passed": true}}}, "check_style_score": "0/1"}