{"version": "1", "message": "ERROR: Hidden Testcases server unreachable.", "problem_id": "ads2_m16_a1_1", "user_id": "tshiva12", "score": {"sample": {"0": {"execution_time": 0.47429656982421875, "passed": false}, "1": {"execution_time": 0.5248456001281738, "passed": false}, "2": {"execution_time": 1.9192054271697998, "passed": false}, "3": {"execution_time": 1.9166395664215088, "passed": false}, "4": {"execution_time": 1.8458483219146729, "passed": false}, "5": {"execution_time": 1.8774876594543457, "passed": false}, "6": {"execution_time": 1.7696306705474854, "passed": false}, "7": {"execution_time": 2.390557050704956, "passed": false}, "8": {"execution_time": 0.46207571029663086, "passed": false}, "9": {"execution_time": 1.1967873573303223, "passed": false}, "10": {"execution_time": 1.3208093643188477, "passed": false}, "11": {"execution_time": 0.413421630859375, "passed": false}, "12": {"execution_time": 1.507430076599121, "passed": false}, "13": {"execution_time": 0.4622046947479248, "passed": true}, "14": {"execution_time": 1.782926321029663, "passed": false}, "15": {"execution_time": 2.6120188236236572, "passed": false}, "16": {"execution_time": 0.8366208076477051, "passed": false}, "17": {"execution_time": 0.6128444671630859, "passed": false}, "18": {"execution_time": 0.6963293552398682, "passed": false}, "19": {"execution_time": 0.646801233291626, "passed": false}, "20": {"execution_time": 0.7436103820800781, "passed": false}, "21": {"execution_time": 0.6088113784790039, "passed": false}, "22": {"execution_time": 0.8124744892120361, "passed": false}, "23": {"execution_time": 0.6765663623809814, "passed": false}, "24": {"execution_time": 0.4753704071044922, "passed": true}, "25": {"execution_time": 1.9202353954315186, "passed": false}, "26": {"execution_time": 1.4583277702331543, "passed": false}, "27": {"execution_time": 1.8437285423278809, "passed": false}, "28": {"execution_time": 3.260859251022339, "passed": false}, "29": {"execution_time": 0.46952033042907715, "passed": false}}}, "check_style_score": "0/1"}