{"version": "1", "message": "ERROR: Hidden Testcases server unreachable.", "problem_id": "ads2_m16_a1_1", "user_id": "tshiva12", "score": {"sample": {"0": {"execution_time": 1.2202599048614502, "passed": true}, "1": {"execution_time": 1.3281455039978027, "passed": true}, "2": {"execution_time": 1.9630329608917236, "passed": true}, "3": {"execution_time": 1.9879791736602783, "passed": true}, "4": {"execution_time": 1.9430310726165771, "passed": true}, "5": {"execution_time": 2.065378189086914, "passed": true}, "6": {"execution_time": 2.0903468132019043, "passed": true}, "7": {"execution_time": 2.113767385482788, "passed": true}, "8": {"execution_time": 1.4054367542266846, "passed": true}, "9": {"execution_time": 0.9255180358886719, "passed": true}, "10": {"execution_time": 0.9479928016662598, "passed": true}, "11": {"execution_time": 2.583463430404663, "passed": true}, "12": {"execution_time": 2.0763118267059326, "passed": true}, "13": {"execution_time": 1.0945425033569336, "passed": true}, "14": {"execution_time": 0.9849443435668945, "passed": true}, "15": {"execution_time": 10.151558637619019, "passed": false}, "16": {"execution_time": 1.3450267314910889, "passed": true}, "17": {"execution_time": 1.2840869426727295, "passed": true}, "18": {"execution_time": 1.3105783462524414, "passed": true}, "19": {"execution_time": 10.021663665771484, "passed": false}, "20": {"execution_time": 10.027045011520386, "passed": false}, "21": {"execution_time": 0.32866454124450684, "passed": true}, "22": {"execution_time": 0.3439316749572754, "passed": true}, "23": {"execution_time": 10.02175498008728, "passed": false}, "24": {"execution_time": 1.0477707386016846, "passed": true}, "25": {"execution_time": 10.129391431808472, "passed": false}, "26": {"execution_time": 10.098013877868652, "passed": false}, "27": {"execution_time": 10.13256287574768, "passed": false}, "28": {"execution_time": 10.175452709197998, "passed": false}, "29": {"execution_time": 0.20632076263427734, "passed": true}}}, "check_style_score": "0/1"}