{"version": "1", "message": "ERROR: Hidden Testcases server unreachable.", "problem_id": "ads2_m16_a1_1", "user_id": "tshiva12", "score": {"sample": {"0": {"execution_time": 0.2408154010772705, "passed": true}, "1": {"execution_time": 0.2783520221710205, "passed": true}, "2": {"execution_time": 0.9191443920135498, "passed": true}, "3": {"execution_time": 0.950139045715332, "passed": true}, "4": {"execution_time": 0.8673779964447021, "passed": true}, "5": {"execution_time": 0.985206127166748, "passed": true}, "6": {"execution_time": 0.9051611423492432, "passed": true}, "7": {"execution_time": 0.9006850719451904, "passed": true}, "8": {"execution_time": 0.36542630195617676, "passed": true}, "9": {"execution_time": 0.9852032661437988, "passed": true}, "10": {"execution_time": 0.9643545150756836, "passed": true}, "11": {"execution_time": 3.6238181591033936, "passed": true}, "12": {"execution_time": 0.9427318572998047, "passed": true}, "13": {"execution_time": 0.22887802124023438, "passed": true}, "14": {"execution_time": 0.964411735534668, "passed": true}, "15": {"execution_time": 0.993746280670166, "passed": true}, "16": {"execution_time": 0.34365105628967285, "passed": true}, "17": {"execution_time": 0.3243584632873535, "passed": true}, "18": {"execution_time": 0.35578060150146484, "passed": true}, "19": {"execution_time": 0.3419375419616699, "passed": true}, "20": {"execution_time": 0.3489046096801758, "passed": true}, "21": {"execution_time": 0.35727906227111816, "passed": true}, "22": {"execution_time": 0.34847474098205566, "passed": true}, "23": {"execution_time": 0.35169482231140137, "passed": true}, "24": {"execution_time": 0.2829883098602295, "passed": true}, "25": {"execution_time": 1.0187299251556396, "passed": true}, "26": {"execution_time": 0.7646408081054688, "passed": true}, "27": {"execution_time": 0.9611694812774658, "passed": true}, "28": {"execution_time": 1.5891001224517822, "passed": true}, "29": {"execution_time": 0.2369849681854248, "passed": true}}}, "check_style_score": "0/1"}