{"version": "1", "message": "ERROR: Hidden Testcases server unreachable.", "problem_id": "ads2_m16_a1_1", "user_id": "tshiva12", "score": {"sample": {"0": {"execution_time": 0.23840641975402832, "passed": true}, "1": {"execution_time": 0.3240036964416504, "passed": true}, "2": {"execution_time": 0.8621714115142822, "passed": true}, "3": {"execution_time": 1.009354591369629, "passed": true}, "4": {"execution_time": 0.9680380821228027, "passed": true}, "5": {"execution_time": 0.9898834228515625, "passed": true}, "6": {"execution_time": 0.9176051616668701, "passed": true}, "7": {"execution_time": 0.9870226383209229, "passed": true}, "8": {"execution_time": 0.3312690258026123, "passed": true}, "9": {"execution_time": 0.9658584594726562, "passed": true}, "10": {"execution_time": 0.965609073638916, "passed": true}, "11": {"execution_time": 3.6135480403900146, "passed": true}, "12": {"execution_time": 0.936715841293335, "passed": true}, "13": {"execution_time": 0.23826980590820312, "passed": true}, "14": {"execution_time": 0.9955263137817383, "passed": true}, "15": {"execution_time": 1.047959566116333, "passed": true}, "16": {"execution_time": 0.36412525177001953, "passed": true}, "17": {"execution_time": 0.32512950897216797, "passed": true}, "18": {"execution_time": 0.32636404037475586, "passed": true}, "19": {"execution_time": 0.39608335494995117, "passed": true}, "20": {"execution_time": 0.41524553298950195, "passed": true}, "21": {"execution_time": 0.31317853927612305, "passed": true}, "22": {"execution_time": 0.3098139762878418, "passed": true}, "23": {"execution_time": 0.3673055171966553, "passed": true}, "24": {"execution_time": 0.2684943675994873, "passed": true}, "25": {"execution_time": 1.0245084762573242, "passed": true}, "26": {"execution_time": 0.7926509380340576, "passed": true}, "27": {"execution_time": 1.0192193984985352, "passed": true}, "28": {"execution_time": 1.5656020641326904, "passed": true}, "29": {"execution_time": 0.25245118141174316, "passed": true}}}, "check_style_score": "1/1"}