{"version": "1", "message": "ERROR: Hidden Testcases server unreachable.", "problem_id": "ads2_m16_a1_1", "user_id": "tshiva12", "score": {"sample": {"0": {"execution_time": 1.2197980880737305, "passed": true}, "1": {"execution_time": 1.302426815032959, "passed": true}, "2": {"execution_time": 1.9508764743804932, "passed": true}, "3": {"execution_time": 2.0343103408813477, "passed": true}, "4": {"execution_time": 2.095486879348755, "passed": true}, "5": {"execution_time": 2.0932109355926514, "passed": true}, "6": {"execution_time": 2.1016321182250977, "passed": true}, "7": {"execution_time": 2.110044240951538, "passed": true}, "8": {"execution_time": 1.422450065612793, "passed": true}, "9": {"execution_time": 0.9225316047668457, "passed": true}, "10": {"execution_time": 1.0143544673919678, "passed": true}, "11": {"execution_time": 2.5790152549743652, "passed": true}, "12": {"execution_time": 2.20898699760437, "passed": true}, "13": {"execution_time": 1.0161564350128174, "passed": true}, "14": {"execution_time": 1.0003364086151123, "passed": true}, "15": {"execution_time": 10.127971887588501, "passed": false}, "16": {"execution_time": 1.3450701236724854, "passed": true}, "17": {"execution_time": 1.388096809387207, "passed": true}, "18": {"execution_time": 1.2829840183258057, "passed": true}, "19": {"execution_time": 10.024837017059326, "passed": false}, "20": {"execution_time": 10.039746522903442, "passed": false}, "21": {"execution_time": 0.33184361457824707, "passed": true}, "22": {"execution_time": 0.33829545974731445, "passed": true}, "23": {"execution_time": 10.034155368804932, "passed": false}, "24": {"execution_time": 1.0805823802947998, "passed": true}, "25": {"execution_time": 10.127811670303345, "passed": false}, "26": {"execution_time": 10.124437093734741, "passed": false}, "27": {"execution_time": 10.128127336502075, "passed": false}, "28": {"execution_time": 10.162603855133057, "passed": false}, "29": {"execution_time": 0.25522899627685547, "passed": true}}}, "check_style_score": "0/1"}