{"version": "1", "message": "ERROR: Hidden Testcases server unreachable.", "problem_id": "ads2_m16_a1_1", "user_id": "tshiva12", "score": {"sample": {"0": {"execution_time": 0.4684786796569824, "passed": false}, "1": {"execution_time": 0.3426823616027832, "passed": false}, "2": {"execution_time": 1.3157668113708496, "passed": false}, "3": {"execution_time": 1.0778582096099854, "passed": false}, "4": {"execution_time": 1.1525797843933105, "passed": false}, "5": {"execution_time": 1.1025869846343994, "passed": false}, "6": {"execution_time": 1.097217082977295, "passed": false}, "7": {"execution_time": 1.0844974517822266, "passed": false}, "8": {"execution_time": 0.40557122230529785, "passed": false}, "9": {"execution_time": 1.090130090713501, "passed": false}, "10": {"execution_time": 1.1628413200378418, "passed": false}, "11": {"execution_time": 0.2978484630584717, "passed": false}, "12": {"execution_time": 1.0186738967895508, "passed": false}, "13": {"execution_time": 0.34552907943725586, "passed": false}, "14": {"execution_time": 1.137838363647461, "passed": false}, "15": {"execution_time": 1.1511752605438232, "passed": false}, "16": {"execution_time": 0.41677188873291016, "passed": false}, "17": {"execution_time": 0.40853071212768555, "passed": false}, "18": {"execution_time": 0.40476417541503906, "passed": false}, "19": {"execution_time": 0.40274667739868164, "passed": false}, "20": {"execution_time": 0.44692325592041016, "passed": false}, "21": {"execution_time": 0.4103403091430664, "passed": false}, "22": {"execution_time": 0.4414973258972168, "passed": false}, "23": {"execution_time": 0.4448812007904053, "passed": false}, "24": {"execution_time": 0.28929662704467773, "passed": false}, "25": {"execution_time": 1.114809274673462, "passed": false}, "26": {"execution_time": 0.9565632343292236, "passed": false}, "27": {"execution_time": 0.9875996112823486, "passed": false}, "28": {"execution_time": 1.6941118240356445, "passed": false}, "29": {"execution_time": 0.3380727767944336, "passed": false}}}, "check_style_score": "0/1"}